valid_loss,epoch,step
0.022046444937586784,0,0
0.021531609818339348,1,1
0.021028729155659676,2,2
0.03401058912277222,3,3
