valid_loss,epoch,step
0.0003123038914054632,0,0
0.23121017217636108,1,1
