valid_loss,epoch,step
0.1296008676290512,0,0
0.12728194892406464,1,1
0.12224487215280533,2,2
0.04919140785932541,3,3
