valid_loss,epoch,step
0.07917354255914688,0,0
0.044381529092788696,1,1
0.041854821145534515,2,2
0.044692616909742355,3,3
