valid_loss,epoch,step
0.13179650902748108,0,0
0.126119464635849,1,1
0.10973803699016571,2,2
0.11332152783870697,3,3
