valid_loss,epoch,step
0.6561914682388306,0,0
0.6519476175308228,1,1
0.6476433277130127,2,2
0.48270750045776367,3,3
