valid_loss,epoch,step
0.07374779880046844,0,0
0.07142163813114166,1,1
0.06917836517095566,2,2
0.20915743708610535,3,3
